id,name,role,base_price,is_overseas,batting_rating,bowling_rating,fielding_rating
1,Rohit Sharma,BATTER,1000000,false,92,40,85
2,Virat Kohli,BATTER,1000000,false,95,35,90
3,KL Rahul,WICKET_KEEPER,800000,false,88,30,84
4,Suryakumar Yadav,BATTER,900000,false,94,30,86
5,Hardik Pandya,ALL_ROUNDER,1000000,false,86,84,88
6,Ravindra Jadeja,ALL_ROUNDER,900000,false,82,88,95
7,Jasprit Bumrah,BOWLER,1000000,false,30,96,82
8,Mohammed Shami,BOWLER,800000,false,25,91,78
9,Kuldeep Yadav,BOWLER,700000,false,20,89,75
10,Rishabh Pant,WICKET_KEEPER,900000,false,89,25,85
11,Shubman Gill,BATTER,800000,false,89,30,84
12,Yashasvi Jaiswal,BATTER,700000,false,90,45,82
13,Rinku Singh,BATTER,600000,false,87,30,86
14,Axar Patel,ALL_ROUNDER,700000,false,80,85,84
15,Mohammed Siraj,BOWLER,700000,false,20,88,80
16,Arshdeep Singh,BOWLER,600000,false,20,87,79
17,Sanju Samson,WICKET_KEEPER,700000,false,86,25,82
18,Ishan Kishan,WICKET_KEEPER,600000,false,84,25,80
19,Shivam Dube,ALL_ROUNDER,600000,false,85,72,74
20,Washington Sundar,ALL_ROUNDER,500000,false,76,82,80
21,Ravi Bishnoi,BOWLER,500000,false,20,84,82
22,Yuzvendra Chahal,BOWLER,700000,false,20,89,72
23,Avesh Khan,BOWLER,500000,false,20,82,75
24,Ruturaj Gaikwad,BATTER,700000,false,87,25,84
25,Shreyas Iyer,BATTER,800000,false,86,35,80
26,Travis Head,BATTER,1000000,true,93,65,82
27,Pat Cummins,ALL_ROUNDER,1000000,true,78,92,85
28,Mitchell Starc,BOWLER,1000000,true,40,93,80
29,Glenn Maxwell,ALL_ROUNDER,900000,true,89,78,88
30,Heinrich Klaasen,WICKET_KEEPER,900000,true,92,20,80
31,Nicholas Pooran,WICKET_KEEPER,800000,true,90,20,82
32,Andre Russell,ALL_ROUNDER,900000,true,88,84,80
33,Sunil Narine,ALL_ROUNDER,800000,true,82,90,75
34,Jos Buttler,WICKET_KEEPER,900000,true,91,20,84
35,Trent Boult,BOWLER,800000,true,25,90,82
36,Kagiso Rabada,BOWLER,800000,true,30,89,84
37,Rashid Khan,ALL_ROUNDER,1000000,true,75,95,90
38,David Warner,BATTER,800000,true,87,30,85
39,Faf du Plessis,BATTER,700000,true,86,25,88
40,Quinton de Kock,WICKET_KEEPER,800000,true,88,20,82
41,Marcus Stoinis,ALL_ROUNDER,700000,true,83,80,82
42,Tim David,BATTER,600000,true,85,30,80
43,Liam Livingstone,ALL_ROUNDER,700000,true,84,78,84
44,Sam Curran,ALL_ROUNDER,800000,true,80,84,82
45,Anrich Nortje,BOWLER,700000,true,20,88,78
46,Josh Hazlewood,BOWLER,800000,true,20,90,80
47,Devon Conway,BATTER,700000,true,86,20,80
48,Mitchell Marsh,ALL_ROUNDER,700000,true,84,78,82
49,Wanindu Hasaranga,ALL_ROUNDER,700000,true,72,87,85
50,Matheesha Pathirana,BOWLER,600000,true,20,88,76
51,Bhanu Teja,ALL_ROUNDER,500000,false,82,80,85
52,Saritha Madhavarapu,BATTER,500000,false,84,50,88
53,Vishal Chepyala,BOWLER,500000,false,30,86,82
54,Srijay Krishna,WICKET_KEEPER,500000,false,85,30,89
55,Karthik Aryan,BATTER,400000,false,78,40,78
56,Pranav Sai,BOWLER,400000,false,25,82,75
57,Rohan Varma,ALL_ROUNDER,400000,false,76,77,80
58,Aditya Sharma,BATTER,400000,false,79,30,76
59,Nikhil Gupta,BOWLER,400000,false,20,81,74
60,Siddharth Rao,WICKET_KEEPER,400000,false,77,25,80
61,Varun Chakravarthy,BOWLER,600000,false,20,86,70
62,T Natarajan,BOWLER,600000,false,20,85,74
63,Harshal Patel,BOWLER,600000,false,35,84,76
64,Mukesh Kumar,BOWLER,400000,false,20,80,74
65,Tilak Varma,BATTER,600000,false,84,45,82
66,Abhishek Sharma,ALL_ROUNDER,600000,false,88,74,80
67,Nitish Kumar Reddy,ALL_ROUNDER,500000,false,82,79,84
68,Dhruv Jurel,WICKET_KEEPER,400000,false,80,20,82
69,Jitesh Sharma,WICKET_KEEPER,400000,false,81,20,78
70,Mayank Yadav,BOWLER,500000,false,15,88,75
71,Harshit Rana,BOWLER,400000,false,25,81,76
72,Sai Sudharsan,BATTER,500000,false,84,20,80
73,Prabhsimran Singh,BATTER,400000,false,81,20,78
74,Rahul Tewatia,ALL_ROUNDER,500000,false,82,68,76
75,Shahrukh Khan,BATTER,400000,false,80,30,75
76,Ayush Badoni,BATTER,400000,false,78,35,76
77,Mahipal Lomror,ALL_ROUNDER,400000,false,77,65,75
78,Suyash Sharma,BOWLER,300000,false,15,79,72
79,Yash Dayal,BOWLER,400000,false,15,80,74
80,Khaleel Ahmed,BOWLER,500000,false,15,83,72
81,Chetan Sakariya,BOWLER,300000,false,15,77,74
82,Sandeep Sharma,BOWLER,400000,false,20,83,78
83,Mohit Sharma,BOWLER,400000,false,20,82,75
84,Vijay Shankar,ALL_ROUNDER,400000,false,76,72,75
85,Krunal Pandya,ALL_ROUNDER,500000,false,76,80,78
86,Deepak Chahar,BOWLER,500000,false,45,82,78
87,Shardul Thakur,ALL_ROUNDER,500000,false,65,81,76
88,Umesh Yadav,BOWLER,400000,false,25,80,74
89,Ishant Sharma,BOWLER,400000,false,20,80,72
90,Piyush Chawla,BOWLER,400000,false,30,81,68
91,Amit Mishra,BOWLER,300000,false,20,79,65
92,Manish Pandey,BATTER,400000,false,78,20,80
93,Ajinkya Rahane,BATTER,500000,false,80,20,82
94,Karun Nair,BATTER,300000,false,76,20,76
95,Mandeep Singh,BATTER,300000,false,75,20,75
96,Mayank Agarwal,BATTER,400000,false,79,20,78
97,Wriddhiman Saha,WICKET_KEEPER,400000,false,78,20,85
98,Dinesh Karthik,WICKET_KEEPER,500000,false,83,20,80
99,Robin Uthappa,BATTER,300000,false,77,20,74
100,Ambati Rayudu,BATTER,300000,false,78,20,75
101,Suresh Raina,BATTER,400000,false,80,45,82
102,Irfan Pathan,ALL_ROUNDER,300000,false,72,76,75
103,Yusuf Pathan,ALL_ROUNDER,300000,false,78,72,72
104,Stuart Binny,ALL_ROUNDER,200000,false,70,70,72
105,Praveen Kumar,BOWLER,200000,false,30,76,72
106,R P Singh,BOWLER,200000,false,20,76,70
107,Munaf Patel,BOWLER,200000,false,15,75,68
108,Ashish Nehra,BOWLER,300000,false,20,78,70
109,Zaheer Khan,BOWLER,400000,false,25,82,75
110,Harbhajan Singh,BOWLER,400000,false,45,80,72
111,Anil Kumble,BOWLER,400000,false,35,84,75
112,VVS Laxman,BATTER,300000,false,79,20,78
113,Rahul Dravid,BATTER,400000,false,82,20,82
114,Sourav Ganguly,BATTER,400000,false,82,40,75
115,Sachin Tendulkar,BATTER,500000,false,88,50,82
116,Virender Sehwag,BATTER,500000,false,87,45,78
117,Gautam Gambhir,BATTER,400000,false,81,20,78
118,MS Dhoni,WICKET_KEEPER,900000,false,89,20,92
119,Yuvraj Singh,ALL_ROUNDER,500000,false,84,76,82
120,Gautam Raju,BATTER,200000,false,72,25,75
